{
	"rabi_params": {
		"Q36": {
			"target": "Q36",
			"frequency": 0.007131704225144758,
			"amplitude": 1.526583730533147,
			"phase": -0.008272234181398263,
			"offset": -0.2559437415427614,
			"noise": 0.03658630698919296,
			"angle": 3.007511810460363,
			"distance": 0.023369422182440758,
			"r2": 0.9922547619248995,
			"reference_phase": -1.7174955158204142,
			"timestamp": "2025-11-12 03:10:46",
		}
	}
}
